,seed,cnn
0,1,"[np.float64(3.761658270644063), np.float64(8.978448214849585), np.float64(87.72986915353474)]"
